,date,vaccine,next_due,incident_id,vaccine_id,comments
0,2011-10-31,cpp,,1000,,
1,2011-10-31,FVRCP,11/1/2012,1000,fvrcp_3,
2,2011-11-28,,,1002,,
3,2012-11-01,"rabies, 3 yr",11/1/2015,1004,rabies_3,
4,2012-11-01,FVRCP,11/1/2013,1004,fvrcp_1,
5,2013-11-01,FVRCP,11/1/2014,1005,fvrcp_1,
6,2014-11-01,FVRCP,11/1/2015,1006,fvrcp_1,
7,2015-11-01,"rabies, 3 yr",11/1/2018,1007,rabies_3,
8,2015-11-01,distemper,11/1/2018,1007,fvrcp_3,
9,2018-11-01,FVRCP,11/1/2019,1008,fvrcp_1,"vaccine good for 3 yr, licsenced for 1 yr"
10,2018-11-01,rabies,11/1/2021,1008,rabies_3,
11,2021-07-27,rabies,7/27/2024,1009,rabies_3,
12,2021-07-27,FVRCP,7/27/2024,1009,fvrcp_3,
13,2023-04-27,"rabies feline purevax, 1 yr",4/26/2024,1012,rabies_1,
14,2024-06-07,"FVRCP vaccine, 3 yr",6/7/2027,1014,fvrcp_3,
15,2024-06-07,"rabies feline purevax, 1 yr",6/7/2025,1014,rabies_1,
16,2025-05-12,"rabies feline purevax, 1 yr",5/12/2026,1016,rabies_1,
