date,vaccine,next_due,incident_id,vaccine_id,comments
5/12/2025,"rabies feline purevax, 1 yr",5/12/2026,1016,rabies_1,
4/27/2023,"rabies feline purevax, 1 yr",4/26/2024,1012,rabies_1,
6/7/2024,"rabies feline purevax, 1 yr",6/7/2025,1014,rabies_1,
6/7/2024,"FVRCP vaccine, 3 yr",6/7/2027,1014,fvrcp_3,
11/1/2015,"rabies, 3 yr",11/1/2018,1007,rabies_3,
11/1/2015,distemper,11/1/2018,1007,fvrcp_3,
7/27/2021,rabies,7/27/2024,1009,rabies_3,
7/27/2021,FVRCP,7/27/2024,1009,fvrcp_3,
10/31/2011,cpp,,1000,,
10/31/2011,FVRCP,11/1/2012,1000,fvrcp_3,
11/1/2012,"rabies, 3 yr",11/1/2015,1004,rabies_3,
11/1/2012,FVRCP,11/1/2013,1004,fvrcp_1,
11/1/2013,FVRCP,11/1/2014,1005,fvrcp_1,
11/1/2014,FVRCP,11/1/2015,1006,fvrcp_1,
11/1/2018,rabies,11/1/2021,1008,rabies_3,
11/1/2018,FVRCP,11/1/2019,1008,fvrcp_1,"vaccine good for 3 yr, licsenced for 1 yr"
11/28/2011,,,1002,,